ConstituentID,DisplayName,VIAF URI,ISNI,Wikidata,ULAN
69,Harry Callahan,http://viaf.org/viaf/2550158,0000  0001  1020  059X,,
73,Sheila Hicks,http://viaf.org/viaf/62789785,0000  0000  8388  2790,,
108,Will M. Agar,http://viaf.org/viaf/36473250,,,
134,Robert Adelman,http://viaf.org/viaf/96600925,0000  0000  8402  7913,,
189,Adobe Gallery,http://viaf.org/viaf/149012901,,,
199,The Herbert F. Johnson Museum of Art,http://viaf.org/viaf/124833956,,,
219,Frank Gaard,http://viaf.org/viaf/162591979,,,
243,Utagawa Hiroshige,http://viaf.org/viaf/19678928,0000  0001  2021  9980,,
258,Frank Lloyd Wright,http://viaf.org/viaf/27148716,0000  0001  2100  0710,,
278,El Greco (Domenikos Theotokopoulos),http://viaf.org/viaf/100215785,,,
285,Henri de Toulouse-Lautrec,http://viaf.org/viaf/32003649,0000  0001  2126  6391,,
303,Rembrandt Peale,http://viaf.org/viaf/27334932,0000  0001  1611  4561,,
316,Rembrandt Harmensz. van Rijn,http://viaf.org/viaf/27334932,0000  0001  2136  3802,,
322,Master of the Legend of Saint Lucy,http://viaf.org/viaf/78711926,,,
345,George Morrison,http://viaf.org/viaf/55003475,0000  0000  6683  0139,,
374,Henri Matisse,http://viaf.org/viaf/42630086,,,
408,Max Beckmann,http://viaf.org/viaf/46775885,0000  0001  0857  1682,,
409,Katsushika Hokusai,http://viaf.org/viaf/69033717,0000  0001  2138  1517,,
425,Pierre Bonnard,http://viaf.org/viaf/66499977,0000  0001  0910  3856,,
428,Henry Moore,http://viaf.org/viaf/32000652,0000  0001  1023  655X,,
439,Constantin Brancusi,http://viaf.org/viaf/71387926,0000  0001  0783  4751,,
443,Pablo Picasso,http://viaf.org/viaf/15873,0000  0000  7725  1116,,
465,Nicolas Poussin,http://viaf.org/viaf/24606800,0000  0001  2099  9120,,
469,Philip Guston,http://viaf.org/viaf/12316990,0000  0001  1437  9590,,
470,Francis Bacon,http://viaf.org/viaf/14789843,0000  0001  2095  6358,,
477,Alessandro Algardi,http://viaf.org/viaf/76326555,0000  0003  6943  4694,,
572,Giovanni Battista Piranesi,http://viaf.org/viaf/2546239,0000  0001  2117  9992,,
576,Roy Lichtenstein,http://viaf.org/viaf/66470256,0000  0001  2137  1757,,
650,Frank Stella,http://viaf.org/viaf/95807455,0000  0001  2144  3757,,
657,Chuck Close,http://viaf.org/viaf/114935366,0000  0000  8183  3282,,
675,Ansel Adams,http://viaf.org/viaf/61625857,0000  0001  2135  7568,,
678,William Gray Purcell,http://viaf.org/viaf/6280217,0000  0000  6703  4396,,
679,George Grant Elmslie,http://viaf.org/viaf/33344168,0000  0000  6705  5445,,
704,Sol LeWitt,http://viaf.org/viaf/84632546,0000  0001  1450  059X,,
711,Berenice Abbott,http://viaf.org/viaf/44309674,0000  0001  1491  0142,,
763,Cy Twombly,http://viaf.org/viaf/49234268,0000  0003  6858  6856,,
772,Charles Biederman,http://viaf.org/viaf/91258812,0000  0000  7843  5814,,
792,Francis Frith,http://viaf.org/viaf/44310985,0000  0000  6641  571X,,
820,Robert Mangold,http://viaf.org/viaf/114092404,0000  0000  8411  2843,,
822,Jerry Ott,http://viaf.org/viaf/96420460,0000  0000  7895  9378,,
857,Robert Indiana,http://viaf.org/viaf/17498463,0000  0001  2021  766X,,
888,Robert Adamson,http://viaf.org/viaf/100182255,0000  0001  0928  5573,,
946,Robert  Adams,http://viaf.org/viaf/95913825,0000  0001  1885  3480,,
976,Laure Albin-Guillot,http://viaf.org/viaf/2631151,0000  0001  0854  6938,,
1059,Salvador Dali,http://viaf.org/viaf/64004109,,,
1094,James Van Der Zee,http://viaf.org/viaf/27288838,0000  0000  6657  1798,Q3161458,
1140,Louis Comfort Tiffany,http://viaf.org/viaf/2479289,0000  0000  8081  5955,,
1142,Alvar Aalto,http://viaf.org/viaf/71410602,0000  0001  0913  6025,,
1163,Gordon Parks,http://viaf.org/viaf/112248361,0000  0001  2284  2071 ,Q447568,500019962‏
1165,Jean-Antoine Lepine,http://viaf.org/viaf/62346817,0000  0000  2949  6880,,
1176,"Carl Robert Pope, Jr.",,,Q18685227,
1194,Bob Thompson,http://viaf.org/viaf/62403469,0000  0000  8247  295X,Q4934184,500080773‏
1296,Dorothea Lange,http://viaf.org/viaf/77594538,0000  0001  0802  0207,,
1298,Clementine Hunter,http://viaf.org/viaf/96519292,0000  0000  7896  0627,Q2978902,500111625‏
1321,Romare Howard Bearden,http://viaf.org/viaf/52490063,0000  0001  1570  5589,Q1291679,500007871‏
1352,Lucien Aigner,http://viaf.org/viaf/40442430,0000  0000  7834  6600,,
1356,Wendell Castle,http://viaf.org/viaf/113448866,0000  0000  8181  3257,,
1368,Gene Davis,http://viaf.org/viaf/91317421,0000  0001  1451  7535,,
1411,Donald Judd,http://viaf.org/viaf/34478944,0000  0000  8113  086X,,
1424,Zheng Xie,http://viaf.org/viaf/51797489,0000  0000  8130  3353,,
1584,Claude Gellée (called Le Lorrain),http://viaf.org/viaf/54156251,0000  0001  2133  426X,,
1586,Gwendolyn Knight,http://viaf.org/viaf/43941703,0000  0000  4116  589X,Q1557848,500123536‏
1640,Magdalena Abakanowicz,http://viaf.org/viaf/96291179,0000  0001  0927  6079,,
1667,Marianna Alcaforado,http://viaf.org/viaf/64000733,0000  0001  0908  4608,,
1688,Kara Walker,http://viaf.org/viaf/77127744,0000  0000  7843  4440,Q444277,500123536‏
1724,Tiffany Studios,http://viaf.org/viaf/149754401,,,
1727,Utagawa Hiroshige III,http://viaf.org/viaf/138288055,0000  0001  2221  1405,,
1742,Beauford Delaney,http://viaf.org/viaf/35290063,0000  0000  2474  462X,Q2893161,500062429‏
1980,Jules Auguste Habert-Dys,http://viaf.org/viaf/292721688,,,
2018,Lucas Huygensz van Leyden,http://viaf.org/viaf/95809141,0000  0003  5543  7835,,
2032,Heinrich Aldegrever,http://viaf.org/viaf/95693757,0000  0001  1850  6366,,
2062,James McNeill Whistler,http://viaf.org/viaf/46804212,0000  0001  0895  7868,,
2148,Susan Rothenberg,http://viaf.org/viaf/95833918,0000  0000  8168  3149,,
2151,Sam Gilliam,http://viaf.org/viaf/95763938,0000  0000  7861  4863,Q2216478,500013570‏
2152,Nicholas Africano,http://viaf.org/viaf/28458128,0000  0001  1612  4073,,
2160,Benny Andrews,http://viaf.org/viaf/15570587,0000  0000  6675  3102 ,Q4889934,500111179‏
2184,Elizabeth Catlett,http://viaf.org/viaf/53104162,0000  0001  1472  7129,Q290331,500011840‏
2223,Carrie Mae Weems,http://viaf.org/viaf/18030043,0000  0001  0875  8287 ,Q5046268,500329422
2274,Francisco José de Goya y Lucientes,http://viaf.org/viaf/54343141,,,
2379,Joseph Coteau,http://viaf.org/viaf/95846778,,,
2396,William Blake,http://viaf.org/viaf/54144439,0000  0001  2096  135X,,
2503,Raphael Lamar West,http://viaf.org/viaf/55387158,0000  0000  6631  4214,,
2549,Tériade,http://viaf.org/viaf/142087467,,,
2556,Karel Allard,http://viaf.org/viaf/79202206,0000  0000  8159  2837,,
2651,Edgar Degas,http://viaf.org/viaf/41863744,0000  0001  2129  7200,,
3051,Man Ray (Emmanuel Rudnitsky),http://viaf.org/viaf/7396101,0000  0001  2098  8958,,
3058,Vincent van Gogh,http://viaf.org/viaf/9854560,,,
3060,Ad Reinhardt,http://viaf.org/viaf/51699576,0000  0000  8129  758X,,
3183,Juan C. Abel,http://viaf.org/viaf/73215708,,,
3229,Prescott Adamson,http://viaf.org/viaf/95957198,,,
3326,Roy DeCarava,http://viaf.org/viaf/463070,0000  0000  8349  6240,Q2475981,500095793
3601,Eero Aarnio,http://viaf.org/viaf/154683629,0000  0001  0350  3189,,
3713,Martin Puryear,http://viaf.org/viaf/95741692,0000  0000  7823  289X,Q6776418,500009936
3776,Ross Bleckner,http://viaf.org/viaf/96561119,0000  0000  8168  5777,,
3878,Renée Stout,http://viaf.org/viaf/79417192,0000  0000  8274  1451,Q7313016,500196042‏
4201,Ernest Dewey Albinson,http://viaf.org/viaf/6953985,0000  0000  5227  2105,,
4211,"Thomas Agnew and Sons, Ltd.",http://viaf.org/viaf/123733622,0000  0001  2115  3506,,
4318,Henry Bannarn,http://viaf.org/viaf/263186378,0000  0003  8205  213X,Q5717754,500034459
4986,Rudolph Ackermann,http://viaf.org/viaf/39646578,0000  0001  2307  852X,,
4993,John Koch,http://viaf.org/viaf/55391649,0000  0000  7868  5223,,
5390,Myer Abel,http://viaf.org/viaf/46715223,,,
5508,Peter Alexander,http://viaf.org/viaf/45638489,0000  0000  7865  4144,,
5511,Douglas Ohlson,http://viaf.org/viaf/44103856,0000  0001  1471  3915,,
5998,Suzanne Hellmuth,http://viaf.org/viaf/96364181,,,
6012,Armin B. Allen,http://viaf.org/viaf/241790432,0000  0003  8577  9692,,
6404,Nicolas-Bernard Lépicié,http://viaf.org/viaf/17498158,0000  0000  6660  7308,,
7483,Lorna Simpson,http://viaf.org/viaf/61820399,0000  0000  8141  4723,Q6681389,500088695‏
7653,"Sir William Neville Abdy, 2nd Bart.",http://viaf.org/viaf/238094845,,,
8019,Basil Alkazzi,http://viaf.org/viaf/45138997,0000  0000  8378  7400,,
8312,Ralph Rapson,http://viaf.org/viaf/79214409,0000  0001  1449  218X,,
8422,Jean Aicard,http://viaf.org/viaf/41835648,0000  0001  0890  9137,,
8522,Alfred Leslie,http://viaf.org/viaf/114270448,0000  0000  8182  4116,,
8552,Cherubino Alberti,http://viaf.org/viaf/99664529,0000  0001  2144  9796,,
8990,Ivan Le Lorraine Albright,http://viaf.org/viaf/3282335,0000  0000  8083  2237,,
9075,"Alice Adam, Ltd.",http://viaf.org/viaf/128650922,,,
9120,Jan Muller,http://viaf.org/viaf/7652023,0000  0000  8087  1789,,
9140,Sylvia Plimack Mangold,http://viaf.org/viaf/88757439,0000  0000  8162  5459,,
9589,Georgius Agricola,http://viaf.org/viaf/100164815,0000  0001  0928  524X,,
9604,Edward Gorey,http://viaf.org/viaf/105372100,0000  0001  1032  0049,,
9835,Vincent D. Smith,http://viaf.org/viaf/3389073,,,
9958,Jacob Lawrence,http://viaf.org/viaf/42644829,0000  0001  1490  9192 ,Q355566,500027690‏
10121,Friedrich Adler,http://viaf.org/viaf/42641908,0000  0000  6676  9817,,
10605,Anni Albers,http://viaf.org/viaf/32178846,0000  0000  8111  6048,,
10683,Raphaël Drouart,http://viaf.org/viaf/46895938,0000  0000  8379  6171,,
10749,Glenn Ligon,http://viaf.org/viaf/20490523,0000  0000  7373  0574,Q5568956,
10878,John Biggers,http://viaf.org/viaf/79159258,0000  0000  8396  9239,Q15516987,500015058‏
10879,Lois Mailou Jones,http://viaf.org/viaf/95897605,0000  0001  1827  8121,Q2978902,500034910
10902,Charles White,http://viaf.org/viaf/18090428,0000  0001  1932  680X,Q5083521,500115749‏
10984,Minneapolis Institute of Art,http://viaf.org/viaf/157703898,0000  0004  0434  3270,,
11027,Albrecht Dürer,http://viaf.org/viaf/54146999,0000  0001  2096  1368,,
11131,Siah Armajani,http://viaf.org/viaf/115179481,0000  0000  8412  1926,,
11897,Norman Ackroyd,http://viaf.org/viaf/11261791,0000  0000  7885  9051,,
12130,Anton Albers,http://viaf.org/viaf/57833865,,,
12150,"Jean-Claude Richard, Abbé de Saint-Non",http://viaf.org/viaf/59217922,0000  0001  2135  0593,,
12176,Victor Adam,http://viaf.org/viaf/4986476,0000  0001  0864  7149,,
12747,American Swedish Institute,http://viaf.org/viaf/150373402,,,
12844,Kinji Akagawa,http://viaf.org/viaf/95784823,,,
12894,Pierre Michel Alix,http://viaf.org/viaf/296104905,,,
12902,Richard Hunt,http://viaf.org/viaf/92763638,0000  0000  7861  437X ,Q7326615,500124131‏
13118,Ivor Abrahams,http://viaf.org/viaf/135179,,,
13192,Arman (Arman Fernandez),http://viaf.org/viaf/111915345,0000  0001  2147  9768,,
13203,Constantyn à Renesse,http://viaf.org/viaf/5804042,0000  0000  7100  8940,,
13276,Pierre Alechinsky,http://viaf.org/viaf/95854378,0000  0001  2283  2076,,
13525,Ackerman & Co.,http://viaf.org/viaf/127891247,0000  0001  2170  1496,,
13751,"Knoll, New York, New York",http://viaf.org/viaf/172186391,,,
14087,Betye Saar,http://viaf.org/viaf/114921470,0000  0000  8319  8083,Q2900288,500110489‏
14128,Dante Alighieri,http://viaf.org/viaf/97105654,,,
14188,Sigmund Abeles,http://viaf.org/viaf/95986022,0000  0000  7861  5321,,
14189,Keith Achepohl,http://viaf.org/viaf/77454230,0000  0000  7875  1497,,
14613,Utagawa Hiroshige II,http://viaf.org/viaf/24873709,0000  0000  8103  9740,,
15281,Josef Albers,http://viaf.org/viaf/12347231,0000  0000  7357  1729,,
15586,Louise Abbéma,http://viaf.org/viaf/27114053,0000  0000  8366  5278,,
15592,James Akin,http://viaf.org/viaf/63891382,0000  0000  8452  8435,,
15594,Eugene Michel Joseph Abot,http://viaf.org/viaf/7651674,0000  0000  6656  4416,,
15695,Yinka Shonibare,http://viaf.org/viaf/84135698,0000  0000  7842  3581,,
15777,Leonardo da Vinci,http://viaf.org/viaf/24604287,0000  0001  2124  423X,,
15780,Mariotto Albertinelli,http://viaf.org/viaf/62605466,0000  0000  6683  6098,,
15938,John White Alexander,http://viaf.org/viaf/19954934,0000  0000  6660  8781,,
16381,Edwin A. Abbey,http://viaf.org/viaf/17070286,0000  0001  1041  3122,,
16382,"Draeger Frères, Paris, France",http://viaf.org/viaf/151026387,0000  0001  0945  2896,,
16559,Bartholomaeus Spanger,http://viaf.org/viaf/74650107,0000  0000  6631  6850,,
16930,Ary Scheffer,http://viaf.org/viaf/2478799,0000  0001  0854  617X,,
17466,Anne Allen,http://viaf.org/viaf/235409649,,,
17676,Eleazer Albin,http://viaf.org/viaf/347904,0000  0001  1850  9209,,
17692,Ulisse Aldrovandus,http://viaf.org/viaf/100190422,0000  0001  1862  6480,,
18092,Areogun of Osi,http://viaf.org/viaf/267057674,,,
18442,Jacques-Laurent Agasse,http://viaf.org/viaf/62339687,,,
18500,Henry Thomas Alken,http://viaf.org/viaf/13252705,0000  0001  1560  4024,,
19188,Edmond Vairel,http://viaf.org/viaf/287507300,0000  0003  9325  4757,,
19313,Arsène Alexandre,http://viaf.org/viaf/142432,0000  0001  1019  779X,,
19574,Edward F. Albee,http://viaf.org/viaf/49220724,0000  0001  2131  7785,,
20273,Wayne Albee,http://viaf.org/viaf/33762072,,,
21965,Julie Mehretu,http://viaf.org/viaf/96585050,0000  0001  1000  1259 ,Q447568,500122539‏
22023,Marianne Strengell,http://viaf.org/viaf/41784149,0000  0000  7865  3002,,
22078,Margarete Schütte-Lihotzky,http://viaf.org/viaf/54944116,0000  0001  0903  1661,,
22157,Akiyama Yō,http://viaf.org/viaf/51569944,0000  0000  8231  8215,,
22485,Cardinal Ippolito Aldobrandini,http://viaf.org/viaf/100212973,0000  0001  2096  7241,,
22533,Hans Ledwinka,http://viaf.org/viaf/62347639,0000  0000  5539  4183,,
22565,Robert Adam,http://viaf.org/viaf/59122607,0000  0000  8343  949X,,
22589,Hans Accola,http://viaf.org/viaf/24188388,0000  0000  4318  9254,,
22590,Ta-Coumba Aiken,http://viaf.org/viaf/95885621,,,
22637,Ruth Duckworth,http://viaf.org/viaf/5733095,0000  0000  7859  230X,,
22662,Alexander Roslin,http://viaf.org/viaf/76584639,0000  0001  2282  1043,,
22832,Carl F. Aagaard,http://viaf.org/viaf/95758109,,,
22900,Jim Alinder,http://viaf.org/viaf/96421102,0000  0000  7818  8825,,
23046,Thomas Struth,http://viaf.org/viaf/46855433,0000  0003  7392  8355,,
23181,Anne Allen,http://viaf.org/viaf/235409649,,,
23220,Hákon Adalsteinsson,http://viaf.org/viaf/61455468,0000  0001  1876  8761,,
23265,Nara Yoshitomo,http://viaf.org/viaf/116439660,0000  0001  2321  6160,,
23376,Jules Adler,http://viaf.org/viaf/12317116,0000  0000  6640  9571,,
23379,George Charles Aid,http://viaf.org/viaf/71663503,0000  0000  6663  9385,,
23417,Sandra Alcosser,http://viaf.org/viaf/3909667,0000  0000  3466  3671,,
23483,Robert Ingersoll Aitken,http://viaf.org/viaf/51610047,0000  0000  6706  9388,,
23488,Thomas Demand,http://viaf.org/viaf/22355343,0000  0001  2123  9334,,
23490,Christian Boltanski,http://viaf.org/viaf/78769830,0000  0001  2140  7852,,
23536,Dr. Stephen Addiss,http://viaf.org/viaf/109510098,,,
23790,Fred Wilson,http://viaf.org/viaf/25407732,0000  0001  2124  8935 ,Q5496574,500231677‏
23878,President John Quincy Adams,http://viaf.org/viaf/36980021,0000  0001  2128  2017,,
23986,Yaacov Agam (Yaakov Gipstein),http://viaf.org/viaf/5137281,0000  0001  2020  1959,,
24192,Doug Aitken,http://viaf.org/viaf/96533961,0000  0000  7838  7971,,
24209,Yamada Tetsuya,http://viaf.org/viaf/4876414,,,
24227,Francesco Allegrini,http://viaf.org/viaf/96537650,,,
24253,Kehinde Wiley,http://viaf.org/viaf/3570570,0000  0000  7872  5731,Q329092,500126014‏
24293,Sedrick Huckaby,http://viaf.org/viaf/28147121675626390794,,Q22249830,
24378,Willie Cole,http://viaf.org/viaf/55341650, 0000  0000  7880  6013,Q8021437,500334448‏
24379,"Alexander and Bonin, New York",http://viaf.org/viaf/134157297,,,
24425,Charles Gaines,http://viaf.org/viaf/39321071,0000  0001  1490  4121 ,Q18098196,500062753
24528,Mequitta Ahuja,http://viaf.org/viaf/169761606,0000  0001  1858  9886,Q3306173,
24616,Giulio Aleni,http://viaf.org/viaf/5738396,0000  0001  1589  3380,,
24625,H. Adlard,http://viaf.org/viaf/293533851,,,
24646,Giovanni Antonio Sogliani,http://viaf.org/viaf/13162797,0000  0001  1743  9245,,
24649,Johann Friedrich Baer,http://viaf.org/viaf/1079366,,,
24653,Kusama Yayoi,http://viaf.org/viaf/22415110,0000  0001  1885  9487,,
24662,Mona Hatoum,http://viaf.org/viaf/95885576,0000  0001  1478  0608,,
24667,Jennifer Steinkamp,http://viaf.org/viaf/42736500,0000  0000  7826  2239,,
24677,Ai Weiwei,http://viaf.org/viaf/96607499,0000  0004  3981  3578,,
24738,Ghada Amer,http://viaf.org/viaf/62383318,0000  0000  7838  5167,,
24757,Petah Coyne,http://viaf.org/viaf/96534265,0000  0000  8007  7876,,
24780,Swoon,http://viaf.org/viaf/51455301,0000  0000  7890  5230,,
24796,Nick Cave,http://viaf.org/viaf/261941653,0000  0004  1832  5831,Q24218,500294218‏
24911,Pieter Hugo,http://viaf.org/viaf/29316148,0000  0000  7826  0954,,
24933,Georges Paul Leroux,http://viaf.org/viaf/47862523,0000  0000  8380  3095,,
24983,James Welling,http://viaf.org/viaf/77119954,0000  0000  7861  0600,,
25543,Denijs Calvaert,http://viaf.org/viaf/88841468,0000  0000  8345  1931,,
25579,Peter Shire,http://viaf.org/viaf/193313333,0000  0003  8531  4027,,
25762,Mathilde Ade,http://viaf.org/viaf/74653386,0000  0000  1063  8551,,
25764,Attila Aiglon-Sassy,http://viaf.org/viaf/96669045,0000  0001  1078  6869,,
25835,Art  Alanis,http://viaf.org/viaf/310579515,,,
25926,Emily Allchurch,http://viaf.org/viaf/96796279,0000  0000  8284  2762,,
25983,Abe Anjin,http://viaf.org/viaf/117342910,,,
26209,Vik Muniz,http://viaf.org/viaf/79155194,0000  0003  7396  2860,,
26219,Aaron Curry,http://viaf.org/viaf/40559159,0000  0000  7992  0352,,
26220,Richard Hawkins,http://viaf.org/viaf/61045934,0000  0000  7877  9852,,
26250,Leonardo Alenza y Nieto,http://viaf.org/viaf/22414817,0000  0000  6638  8248,,
26265,Antonio Acquaroni,http://viaf.org/viaf/287023212,,,
26355,Chantal Joffe,http://viaf.org/viaf/56323651,0000  0001  0800  4784,,
26606,Francisco Albani,http://viaf.org/viaf/69070806,0000  0000  8344  4563,,
26697,Do Ho Suh,http://viaf.org/viaf/96543858,0000  0000  7866  908X,,
26845,Ajiki Hiro,http://viaf.org/viaf/260206870,0000  0003  8101  4481,,
26855,Mark Dion,http://viaf.org/viaf/118096497,0000  0001  0788  2876,,
27114,Dawn Ades,http://viaf.org/viaf/24596760,0000  0001  2277  497X,,
27187,William C. Agee,http://viaf.org/viaf/68941640,0000  0001  0911  8767,,
27858,Akisato Ritō,http://viaf.org/viaf/18705533,0000  0000  5555  8360,,
27873,Suezan Aikins,http://viaf.org/viaf/104999042,,,
27908,Akiyama Gyokuzan,http://viaf.org/viaf/40813917,,,
28239,William Edmondson,http://viaf.org/viaf/204758441,0000  0003  5818  4466,Q3568587,500098070‏
28467,Laylah Ali,http://viaf.org/viaf/12244289,0000  0000  7870  2070,,
29206,Ḥāfiẓ-i Abrū,http://viaf.org/viaf/22865925,0000  0000  8102  1946,,
29307,Jill Ahlberg Yohe,http://viaf.org/viaf/296444474,0000  0001  2541  6617,,
29544,Clinton Adams,http://viaf.org/viaf/14839827,0000  0000  8359  035X,,
29907,Akiyama Terukazu,http://viaf.org/viaf/164698924,0000  0001  1576  073X,,
29908,Akiyama Ken,http://viaf.org/viaf/18561930,0000  0000  8430  4503,,
30027,Aizawa Masahiko,http://viaf.org/viaf/257817429,0000  0003  7916  3269,,
30088,Akazawa Eiji,http://viaf.org/viaf/43143033,0000  0000  2127  9152,,
30436,Hubert H. Humprehy Jr,http://viaf.org/viaf/27881465,0000  0001  1023  276X,,
30477,"Philip II, King of Spain and Portugal",http://viaf.org/viaf/88973996,0000  0001  0837  7767,,
30478,"Charles IX, King of France",http://viaf.org/viaf/88890900,0000  0001  2142  8995,,
30479,Cardinal Alessandro Farnese II,http://viaf.org/viaf/57408901,0000  0001  2134  5460,,
31371,Jérôme Richard,http://viaf.org/viaf/39383419,0000  0001  2308  0064,,
31392,Kerry James Marshall,http://viaf.org/viaf/96542899,0000  0000  7848  5491,Q832432,500116210
31615,Andrej Dugin,http://viaf.org/viaf/59162843,0000  0001  1571  7344,,
31616,Andrés Audiffred,http://viaf.org/viaf/310565024,,,
31624,Charles Altamont Doyle,http://viaf.org/viaf/16047677,0000  0000  2428  5574,,
31625,Chet Zar,http://viaf.org/viaf/63842792,0000  0000  4721  4701,,
31639,Eyvind Earle,http://viaf.org/viaf/73072425,0000  0000  7891  0152,,
31640,Francisco Ruiz Velasco,http://viaf.org/viaf/24125357,0000  0000  4314  0354,,
31651,Jacek Yerka,http://viaf.org/viaf/26946811,0000  0000  5274  6059,,
31652,James Cameron,http://viaf.org/viaf/106079065,0000  0001  2146  3344,,
31658,Jim Woodring,http://viaf.org/viaf/54293117,0000  0000  8133  1266,,
31660,John Lounsbery,http://viaf.org/viaf/7080146,0000  0000  5410  0171,,
31663,Kay Nielsen,http://viaf.org/viaf/74707030,0000  0000  8155  4187,,
31668,Marc Davis,http://viaf.org/viaf/50876934,0000  0000  7731  9600,,
31670,Mark Teague,http://viaf.org/viaf/51834116,0000  0000  6307  5772,,
31698,Zdzisław Beksiński,http://viaf.org/viaf/49234439,0000  0000  7140  9672,,

